office_id,office_name,postcode_sector,status
barnsley,Barnsley,S35 7,loaded
barnsley,Barnsley,S36 6,loaded
barnsley,Barnsley,S36 7,loaded
barnsley,Barnsley,S36 8,loaded
barnsley,Barnsley,S36 9,loaded
barnsley,Barnsley,S63 0,loaded
barnsley,Barnsley,S63 5,loaded
barnsley,Barnsley,S63 6,loaded
barnsley,Barnsley,S63 7,loaded
barnsley,Barnsley,S63 8,loaded
barnsley,Barnsley,S63 9,loaded
barnsley,Barnsley,S70 1,loaded
barnsley,Barnsley,S70 2,loaded
barnsley,Barnsley,S70 3,loaded
barnsley,Barnsley,S70 4,loaded
barnsley,Barnsley,S70 5,loaded
barnsley,Barnsley,S70 6,loaded
barnsley,Barnsley,S71 1,loaded
barnsley,Barnsley,S71 2,loaded
barnsley,Barnsley,S71 3,loaded
barnsley,Barnsley,S71 4,loaded
barnsley,Barnsley,S71 5,loaded
barnsley,Barnsley,S72 0,loaded
barnsley,Barnsley,S72 7,loaded
barnsley,Barnsley,S72 8,loaded
barnsley,Barnsley,S72 9,loaded
barnsley,Barnsley,S73 0,loaded
barnsley,Barnsley,S73 8,loaded
barnsley,Barnsley,S73 9,loaded
barnsley,Barnsley,S74 0,loaded
barnsley,Barnsley,S74 8,loaded
barnsley,Barnsley,S74 9,loaded
barnsley,Barnsley,S75 1,loaded
barnsley,Barnsley,S75 2,loaded
barnsley,Barnsley,S75 3,loaded
barnsley,Barnsley,S75 4,loaded
barnsley,Barnsley,S75 5,loaded
barnsley,Barnsley,S75 6,loaded
basildon,Basildon,CM11 2,loaded
basildon,Basildon,CM12 0,loaded
basildon,Basildon,CM12 9,loaded
basildon,Basildon,RM14 3,loaded
basildon,Basildon,RM15 4,loaded
basildon,Basildon,RM15 5,loaded
basildon,Basildon,RM15 6,loaded
basildon,Basildon,RM16 2,loaded
basildon,Basildon,RM16 3,loaded
basildon,Basildon,RM16 4,loaded
basildon,Basildon,RM16 5,loaded
basildon,Basildon,RM16 6,loaded
basildon,Basildon,RM17 5,loaded
basildon,Basildon,RM17 6,loaded
basildon,Basildon,RM18 7,loaded
basildon,Basildon,RM18 8,loaded
basildon,Basildon,RM19 1,loaded
basildon,Basildon,RM20 1,loaded
basildon,Basildon,RM20 2,loaded
basildon,Basildon,RM20 3,loaded
basildon,Basildon,RM20 4,loaded
basildon,Basildon,SS12 0,loaded
basildon,Basildon,SS12 9,loaded
basildon,Basildon,SS13 1,loaded
basildon,Basildon,SS13 2,loaded
basildon,Basildon,SS13 3,loaded
basildon,Basildon,SS14 1,loaded
basildon,Basildon,SS14 2,loaded
basildon,Basildon,SS14 3,loaded
basildon,Basildon,SS15 4,loaded
basildon,Basildon,SS15 5,loaded
basildon,Basildon,SS15 6,loaded
basildon,Basildon,SS16 4,loaded
basildon,Basildon,SS16 5,loaded
basildon,Basildon,SS16 6,loaded
basildon,Basildon,SS17 0,loaded
basildon,Basildon,SS17 7,loaded
basildon,Basildon,SS17 8,loaded
basildon,Basildon,SS17 9,loaded
basildon,Basildon,SS7 1,loaded
basildon,Basildon,SS7 2,loaded
basildon,Basildon,SS7 3,loaded
basildon,Basildon,SS7 4,loaded
basildon,Basildon,SS7 5,loaded
basildon,Basildon,SS8 0,loaded
basildon,Basildon,SS8 7,loaded
basildon,Basildon,SS8 8,loaded
basildon,Basildon,SS8 9,loaded
birmingham-south,Birmingham South,B11 1,loaded
birmingham-south,Birmingham South,B11 2,loaded
birmingham-south,Birmingham South,B11 3,loaded
birmingham-south,Birmingham South,B11 4,loaded
birmingham-south,Birmingham South,B12 0,loaded
birmingham-south,Birmingham South,B12 8,loaded
birmingham-south,Birmingham South,B13 0,loaded
birmingham-south,Birmingham South,B13 8,loaded
birmingham-south,Birmingham South,B13 9,loaded
birmingham-south,Birmingham South,B14 4,loaded
birmingham-south,Birmingham South,B14 5,loaded
birmingham-south,Birmingham South,B14 6,loaded
birmingham-south,Birmingham South,B14 7,loaded
birmingham-south,Birmingham South,B26 3,loaded
birmingham-south,Birmingham South,B27 6,loaded
birmingham-south,Birmingham South,B27 7,loaded
birmingham-south,Birmingham South,B28 0,loaded
birmingham-south,Birmingham South,B28 8,loaded
birmingham-south,Birmingham South,B28 9,loaded
birmingham-south,Birmingham South,B29 7,loaded
birmingham-south,Birmingham South,B30 1,loaded
birmingham-south,Birmingham South,B30 2,loaded
birmingham-south,Birmingham South,B30 3,loaded
birmingham-south,Birmingham South,B31 2,loaded
birmingham-south,Birmingham South,B31 3,loaded
birmingham-south,Birmingham South,B31 4,loaded
birmingham-south,Birmingham South,B36 0,loaded
birmingham-south,Birmingham South,B36 9,loaded
birmingham-south,Birmingham South,B37 5,loaded
birmingham-south,Birmingham South,B37 6,loaded
birmingham-south,Birmingham South,B37 7,loaded
birmingham-south,Birmingham South,B38 0,loaded
birmingham-south,Birmingham South,B38 8,loaded
birmingham-south,Birmingham South,B38 9,loaded
birmingham-south,Birmingham South,B40 1,loaded
birmingham-south,Birmingham South,B47 5,loaded
birmingham-south,Birmingham South,B47 6,loaded
birmingham-south,Birmingham South,B90 1,loaded
birmingham-south,Birmingham South,B90 2,loaded
birmingham-south,Birmingham South,B90 3,loaded
birmingham-south,Birmingham South,B90 4,loaded
birmingham-south,Birmingham South,B90 8,loaded
birmingham-south,Birmingham South,B91 1,loaded
birmingham-south,Birmingham South,B91 2,loaded
birmingham-south,Birmingham South,B91 3,loaded
birmingham-south,Birmingham South,B92 0,loaded
birmingham-south,Birmingham South,B92 7,loaded
birmingham-south,Birmingham South,B92 8,loaded
birmingham-south,Birmingham South,B92 9,loaded
birmingham-south,Birmingham South,B93 0,loaded
birmingham-south,Birmingham South,B93 8,loaded
birmingham-south,Birmingham South,B93 9,loaded
birmingham-south,Birmingham South,B94 6,loaded
birmingham-south,Birmingham South,CV7 7,loaded
birmingham-south,Birmingham South,CV8 1,loaded
bristol,Bristol,BS1 1,loaded
bristol,Bristol,BS1 2,loaded
bristol,Bristol,BS1 3,loaded
bristol,Bristol,BS1 4,loaded
bristol,Bristol,BS1 5,loaded
bristol,Bristol,BS1 6,loaded
bristol,Bristol,BS10 5,loaded
bristol,Bristol,BS10 6,loaded
bristol,Bristol,BS10 7,loaded
bristol,Bristol,BS11 0,loaded
bristol,Bristol,BS11 8,loaded
bristol,Bristol,BS11 9,loaded
bristol,Bristol,BS13 0,loaded
bristol,Bristol,BS13 7,loaded
bristol,Bristol,BS13 8,loaded
bristol,Bristol,BS13 9,loaded
bristol,Bristol,BS14 0,loaded
bristol,Bristol,BS14 8,loaded
bristol,Bristol,BS14 9,loaded
bristol,Bristol,BS16 1,loaded
bristol,Bristol,BS16 2,loaded
bristol,Bristol,BS16 3,loaded
bristol,Bristol,BS16 4,loaded
bristol,Bristol,BS16 5,loaded
bristol,Bristol,BS16 6,loaded
bristol,Bristol,BS2 0,loaded
bristol,Bristol,BS2 8,loaded
bristol,Bristol,BS2 9,loaded
bristol,Bristol,BS20 0,loaded
bristol,Bristol,BS20 6,loaded
bristol,Bristol,BS20 7,loaded
bristol,Bristol,BS20 8,loaded
bristol,Bristol,BS3 1,loaded
bristol,Bristol,BS3 2,loaded
bristol,Bristol,BS3 3,loaded
bristol,Bristol,BS3 4,loaded
bristol,Bristol,BS3 5,loaded
bristol,Bristol,BS32 0,loaded
bristol,Bristol,BS32 4,loaded
bristol,Bristol,BS32 8,loaded
bristol,Bristol,BS32 9,loaded
bristol,Bristol,BS34 4,loaded
bristol,Bristol,BS34 5,loaded
bristol,Bristol,BS34 6,loaded
bristol,Bristol,BS34 7,loaded
bristol,Bristol,BS34 8,loaded
bristol,Bristol,BS35 1,loaded
bristol,Bristol,BS35 2,loaded
bristol,Bristol,BS35 3,loaded
bristol,Bristol,BS35 4,loaded
bristol,Bristol,BS35 5,loaded
bristol,Bristol,BS4 1,loaded
bristol,Bristol,BS4 2,loaded
bristol,Bristol,BS4 3,loaded
bristol,Bristol,BS4 4,loaded
bristol,Bristol,BS4 5,loaded
bristol,Bristol,BS41 8,loaded
bristol,Bristol,BS41 9,loaded
bristol,Bristol,BS48 1,loaded
bristol,Bristol,BS48 2,loaded
bristol,Bristol,BS48 3,loaded
bristol,Bristol,BS48 4,loaded
bristol,Bristol,BS5 0,loaded
bristol,Bristol,BS5 6,loaded
bristol,Bristol,BS5 7,loaded
bristol,Bristol,BS5 8,loaded
bristol,Bristol,BS5 9,loaded
bristol,Bristol,BS6 5,loaded
bristol,Bristol,BS6 6,loaded
bristol,Bristol,BS6 7,loaded
bristol,Bristol,BS7 0,loaded
bristol,Bristol,BS7 8,loaded
bristol,Bristol,BS7 9,loaded
bristol,Bristol,BS8 1,loaded
bristol,Bristol,BS8 2,loaded
bristol,Bristol,BS8 3,loaded
bristol,Bristol,BS8 4,loaded
bristol,Bristol,BS9 1,loaded
bristol,Bristol,BS9 2,loaded
bristol,Bristol,BS9 3,loaded
bristol,Bristol,BS9 4,loaded
bristol,Bristol,BS98 1,loaded
cardiff,Cardiff,CF10 1,loaded
cardiff,Cardiff,CF10 2,loaded
cardiff,Cardiff,CF10 3,loaded
cardiff,Cardiff,CF10 4,loaded
cardiff,Cardiff,CF10 5,loaded
cardiff,Cardiff,CF11 0,loaded
cardiff,Cardiff,CF11 6,loaded
cardiff,Cardiff,CF11 7,loaded
cardiff,Cardiff,CF11 8,loaded
cardiff,Cardiff,CF11 9,loaded
cardiff,Cardiff,CF14 0,loaded
cardiff,Cardiff,CF14 1,loaded
cardiff,Cardiff,CF14 2,loaded
cardiff,Cardiff,CF14 3,loaded
cardiff,Cardiff,CF14 4,loaded
cardiff,Cardiff,CF14 5,loaded
cardiff,Cardiff,CF14 6,loaded
cardiff,Cardiff,CF14 7,loaded
cardiff,Cardiff,CF14 9,loaded
cardiff,Cardiff,CF15 7,loaded
cardiff,Cardiff,CF15 8,loaded
cardiff,Cardiff,CF23 5,loaded
cardiff,Cardiff,CF23 6,loaded
cardiff,Cardiff,CF23 7,loaded
cardiff,Cardiff,CF23 8,loaded
cardiff,Cardiff,CF23 9,loaded
cardiff,Cardiff,CF24 0,loaded
cardiff,Cardiff,CF24 1,loaded
cardiff,Cardiff,CF24 2,loaded
cardiff,Cardiff,CF24 3,loaded
cardiff,Cardiff,CF24 4,loaded
cardiff,Cardiff,CF24 5,loaded
cardiff,Cardiff,CF3 0,loaded
cardiff,Cardiff,CF3 1,loaded
cardiff,Cardiff,CF3 2,loaded
cardiff,Cardiff,CF3 3,loaded
cardiff,Cardiff,CF3 4,loaded
cardiff,Cardiff,CF3 5,loaded
cardiff,Cardiff,CF3 6,loaded
cardiff,Cardiff,CF5 1,loaded
cardiff,Cardiff,CF5 2,loaded
cardiff,Cardiff,CF5 3,loaded
cardiff,Cardiff,CF5 4,loaded
cardiff,Cardiff,CF5 5,loaded
cardiff,Cardiff,CF5 6,loaded
cardiff,Cardiff,CF62 3,loaded
cardiff,Cardiff,CF62 5,loaded
cardiff,Cardiff,CF62 6,loaded
cardiff,Cardiff,CF62 7,loaded
cardiff,Cardiff,CF62 8,loaded
cardiff,Cardiff,CF62 9,loaded
cardiff,Cardiff,CF63 1,loaded
cardiff,Cardiff,CF63 2,loaded
cardiff,Cardiff,CF63 3,loaded
cardiff,Cardiff,CF63 4,loaded
cardiff,Cardiff,CF64 1,loaded
cardiff,Cardiff,CF64 2,loaded
cardiff,Cardiff,CF64 3,loaded
cardiff,Cardiff,CF64 4,loaded
cardiff,Cardiff,CF64 5,loaded
cheadle-wilmslow,Cheadle & Wilmslow,SK10 4,loaded
cheadle-wilmslow,Cheadle & Wilmslow,SK12 1,loaded
cheadle-wilmslow,Cheadle & Wilmslow,SK12 2,loaded
cheadle-wilmslow,Cheadle & Wilmslow,SK13 5,loaded
cheadle-wilmslow,Cheadle & Wilmslow,SK2 5,loaded
cheadle-wilmslow,Cheadle & Wilmslow,SK2 6,loaded
cheadle-wilmslow,Cheadle & Wilmslow,SK2 7,loaded
cheadle-wilmslow,Cheadle & Wilmslow,SK3 8,loaded
cheadle-wilmslow,Cheadle & Wilmslow,SK5 8,loaded
cheadle-wilmslow,Cheadle & Wilmslow,SK6 1,loaded
cheadle-wilmslow,Cheadle & Wilmslow,SK6 2,loaded
cheadle-wilmslow,Cheadle & Wilmslow,SK6 3,loaded
cheadle-wilmslow,Cheadle & Wilmslow,SK6 4,loaded
cheadle-wilmslow,Cheadle & Wilmslow,SK6 5,loaded
cheadle-wilmslow,Cheadle & Wilmslow,SK6 6,loaded
cheadle-wilmslow,Cheadle & Wilmslow,SK6 7,loaded
cheadle-wilmslow,Cheadle & Wilmslow,SK6 8,loaded
cheadle-wilmslow,Cheadle & Wilmslow,SK7 1,loaded
cheadle-wilmslow,Cheadle & Wilmslow,SK7 2,loaded
cheadle-wilmslow,Cheadle & Wilmslow,SK7 3,loaded
cheadle-wilmslow,Cheadle & Wilmslow,SK7 4,loaded
cheadle-wilmslow,Cheadle & Wilmslow,SK7 5,loaded
cheadle-wilmslow,Cheadle & Wilmslow,SK7 6,loaded
cheadle-wilmslow,Cheadle & Wilmslow,SK8 1,loaded
cheadle-wilmslow,Cheadle & Wilmslow,SK8 2,loaded
cheadle-wilmslow,Cheadle & Wilmslow,SK8 3,loaded
cheadle-wilmslow,Cheadle & Wilmslow,SK8 4,loaded
cheadle-wilmslow,Cheadle & Wilmslow,SK8 5,loaded
cheadle-wilmslow,Cheadle & Wilmslow,SK8 6,loaded
cheadle-wilmslow,Cheadle & Wilmslow,SK8 7,loaded
cheadle-wilmslow,Cheadle & Wilmslow,SK9 1,loaded
cheadle-wilmslow,Cheadle & Wilmslow,SK9 2,loaded
cheadle-wilmslow,Cheadle & Wilmslow,SK9 3,loaded
cheadle-wilmslow,Cheadle & Wilmslow,SK9 4,loaded
cheadle-wilmslow,Cheadle & Wilmslow,SK9 5,loaded
cheadle-wilmslow,Cheadle & Wilmslow,SK9 6,loaded
cheadle-wilmslow,Cheadle & Wilmslow,SK9 7,loaded
coventry,Coventry,CV1 1,loaded
coventry,Coventry,CV1 2,loaded
coventry,Coventry,CV1 3,loaded
coventry,Coventry,CV1 4,loaded
coventry,Coventry,CV1 5,loaded
coventry,Coventry,CV10 7,loaded
coventry,Coventry,CV11 4,loaded
coventry,Coventry,CV11 6,loaded
coventry,Coventry,CV11 7,loaded
coventry,Coventry,CV11 8,loaded
coventry,Coventry,CV12 0,loaded
coventry,Coventry,CV12 8,loaded
coventry,Coventry,CV12 9,loaded
coventry,Coventry,CV2 1,loaded
coventry,Coventry,CV2 2,loaded
coventry,Coventry,CV2 3,loaded
coventry,Coventry,CV2 4,loaded
coventry,Coventry,CV2 5,loaded
coventry,Coventry,CV21 1,loaded
coventry,Coventry,CV21 2,loaded
coventry,Coventry,CV21 3,loaded
coventry,Coventry,CV21 4,loaded
coventry,Coventry,CV22 5,loaded
coventry,Coventry,CV22 6,loaded
coventry,Coventry,CV22 7,loaded
coventry,Coventry,CV23 0,loaded
coventry,Coventry,CV23 1,loaded
coventry,Coventry,CV23 8,loaded
coventry,Coventry,CV23 9,loaded
coventry,Coventry,CV3 1,loaded
coventry,Coventry,CV3 2,loaded
coventry,Coventry,CV3 3,loaded
coventry,Coventry,CV3 4,loaded
coventry,Coventry,CV3 5,loaded
coventry,Coventry,CV3 6,loaded
coventry,Coventry,CV31 1,loaded
coventry,Coventry,CV31 2,loaded
coventry,Coventry,CV31 3,loaded
coventry,Coventry,CV32 4,loaded
coventry,Coventry,CV32 5,loaded
coventry,Coventry,CV32 6,loaded
coventry,Coventry,CV32 7,loaded
coventry,Coventry,CV33 9,loaded
coventry,Coventry,CV34 4,loaded
coventry,Coventry,CV34 5,loaded
coventry,Coventry,CV34 6,loaded
coventry,Coventry,CV34 7,loaded
coventry,Coventry,CV34 8,loaded
coventry,Coventry,CV4 7,loaded
coventry,Coventry,CV4 8,loaded
coventry,Coventry,CV4 9,loaded
coventry,Coventry,CV47 9,loaded
coventry,Coventry,CV5 6,loaded
coventry,Coventry,CV5 7,loaded
coventry,Coventry,CV5 8,loaded
coventry,Coventry,CV5 9,loaded
coventry,Coventry,CV6 1,loaded
coventry,Coventry,CV6 2,loaded
coventry,Coventry,CV6 3,loaded
coventry,Coventry,CV6 4,loaded
coventry,Coventry,CV6 5,loaded
coventry,Coventry,CV6 6,loaded
coventry,Coventry,CV6 7,loaded
coventry,Coventry,CV7 8,loaded
coventry,Coventry,CV7 9,loaded
coventry,Coventry,CV8 2,loaded
coventry,Coventry,CV8 3,loaded
coventry,Coventry,LE10 0,loaded
coventry,Coventry,LE10 1,loaded
coventry,Coventry,LE10 2,loaded
coventry,Coventry,LE10 3,loaded
north-east,North East,DL1 1,loaded
north-east,North East,DL1 2,loaded
north-east,North East,DL1 3,loaded
north-east,North East,DL1 4,loaded
north-east,North East,DL1 5,loaded
north-east,North East,DL10 4,loaded
north-east,North East,DL10 5,loaded
north-east,North East,DL10 6,loaded
north-east,North East,DL10 7,loaded
north-east,North East,DL11 6,loaded
north-east,North East,DL11 7,loaded
north-east,North East,DL2 1,loaded
north-east,North East,DL2 2,loaded
north-east,North East,DL3 0,loaded
north-east,North East,DL3 6,loaded
north-east,North East,DL3 7,loaded
north-east,North East,DL3 8,loaded
north-east,North East,DL3 9,loaded
north-east,North East,DL6 1,loaded
north-east,North East,DL6 2,loaded
north-east,North East,DL6 3,loaded
north-east,North East,DL7 0,loaded
north-east,North East,DL7 8,loaded
north-east,North East,DL7 9,loaded
north-east,North East,DL8 1,loaded
north-east,North East,DL8 2,loaded
north-east,North East,DL8 3,loaded
north-east,North East,DL8 4,loaded
north-east,North East,DL8 5,loaded
north-east,North East,DL9 3,loaded
north-east,North East,DL9 4,loaded
north-east,North East,HG4 4,loaded
york,York,YO1 6,loaded
york,York,YO1 7,loaded
york,York,YO1 8,loaded
york,York,YO1 9,loaded
york,York,YO10 3,loaded
york,York,YO10 4,loaded
york,York,YO10 5,loaded
york,York,YO19 4,loaded
york,York,YO19 5,loaded
york,York,YO23 1,loaded
york,York,YO23 2,loaded
york,York,YO23 3,loaded
york,York,YO24 1,loaded
york,York,YO24 2,loaded
york,York,YO24 3,loaded
york,York,YO24 4,loaded
york,York,YO26 4,loaded
york,York,YO26 5,loaded
york,York,YO26 6,loaded
york,York,YO26 7,loaded
york,York,YO26 8,loaded
york,York,YO26 9,loaded
york,York,YO30 1,loaded
york,York,YO30 2,loaded
york,York,YO30 4,loaded
york,York,YO30 5,loaded
york,York,YO30 6,loaded
york,York,YO30 7,loaded
york,York,YO31 0,loaded
york,York,YO31 1,loaded
york,York,YO31 7,loaded
york,York,YO31 8,loaded
york,York,YO31 9,loaded
york,York,YO32 2,loaded
york,York,YO32 3,loaded
york,York,YO32 4,loaded
york,York,YO32 5,loaded
york,York,YO32 9,loaded
york,York,YO51 9,loaded
york,York,YO61 1,loaded
york,York,YO61 2,loaded
york,York,YO61 3,loaded
york,York,YO7 1,loaded
york,York,YO7 3,loaded
york,York,YO7 4,loaded
hounslow-richmond,Hounslow – Richmond,KT1 4,loaded
hounslow-richmond,Hounslow – Richmond,KT8 9,loaded
hounslow-richmond,Hounslow – Richmond,SW13 0,loaded
hounslow-richmond,Hounslow – Richmond,SW13 8,loaded
hounslow-richmond,Hounslow – Richmond,SW13 9,loaded
hounslow-richmond,Hounslow – Richmond,SW14 7,loaded
hounslow-richmond,Hounslow – Richmond,SW14 8,loaded
hounslow-richmond,Hounslow – Richmond,SW15 3,loaded
hounslow-richmond,Hounslow – Richmond,SW15 4,loaded
hounslow-richmond,Hounslow – Richmond,TW1 1,loaded
hounslow-richmond,Hounslow – Richmond,TW1 2,loaded
hounslow-richmond,Hounslow – Richmond,TW1 3,loaded
hounslow-richmond,Hounslow – Richmond,TW1 4,loaded
hounslow-richmond,Hounslow – Richmond,TW10 5,loaded
hounslow-richmond,Hounslow – Richmond,TW10 6,loaded
hounslow-richmond,Hounslow – Richmond,TW10 7,loaded
hounslow-richmond,Hounslow – Richmond,TW11 0,loaded
hounslow-richmond,Hounslow – Richmond,TW11 8,loaded
hounslow-richmond,Hounslow – Richmond,TW11 9,loaded
hounslow-richmond,Hounslow – Richmond,TW12 1,loaded
hounslow-richmond,Hounslow – Richmond,TW12 2,loaded
hounslow-richmond,Hounslow – Richmond,TW12 3,loaded
hounslow-richmond,Hounslow – Richmond,TW13 4,loaded
hounslow-richmond,Hounslow – Richmond,TW13 5,loaded
hounslow-richmond,Hounslow – Richmond,TW13 6,loaded
hounslow-richmond,Hounslow – Richmond,TW13 7,loaded
hounslow-richmond,Hounslow – Richmond,TW14 0,loaded
hounslow-richmond,Hounslow – Richmond,TW14 8,loaded
hounslow-richmond,Hounslow – Richmond,TW14 9,loaded
hounslow-richmond,Hounslow – Richmond,TW2 5,loaded
hounslow-richmond,Hounslow – Richmond,TW2 6,loaded
hounslow-richmond,Hounslow – Richmond,TW2 7,loaded
hounslow-richmond,Hounslow – Richmond,TW3 1,loaded
hounslow-richmond,Hounslow – Richmond,TW3 2,loaded
hounslow-richmond,Hounslow – Richmond,TW3 3,loaded
hounslow-richmond,Hounslow – Richmond,TW3 4,loaded
hounslow-richmond,Hounslow – Richmond,TW4 5,loaded
hounslow-richmond,Hounslow – Richmond,TW4 6,loaded
hounslow-richmond,Hounslow – Richmond,TW4 7,loaded
hounslow-richmond,Hounslow – Richmond,TW5 0,loaded
hounslow-richmond,Hounslow – Richmond,TW5 9,loaded
hounslow-richmond,Hounslow – Richmond,TW6 1,loaded
hounslow-richmond,Hounslow – Richmond,TW6 2,loaded
hounslow-richmond,Hounslow – Richmond,TW6 3,loaded
hounslow-richmond,Hounslow – Richmond,TW7 4,loaded
hounslow-richmond,Hounslow – Richmond,TW7 5,loaded
hounslow-richmond,Hounslow – Richmond,TW7 6,loaded
hounslow-richmond,Hounslow – Richmond,TW7 7,loaded
hounslow-richmond,Hounslow – Richmond,TW8 0,loaded
hounslow-richmond,Hounslow – Richmond,TW8 8,loaded
hounslow-richmond,Hounslow – Richmond,TW8 9,loaded
hounslow-richmond,Hounslow – Richmond,TW9 1,loaded
hounslow-richmond,Hounslow – Richmond,TW9 2,loaded
hounslow-richmond,Hounslow – Richmond,TW9 3,loaded
hounslow-richmond,Hounslow – Richmond,TW9 4,loaded
hounslow-richmond,Hounslow – Richmond,UB3 5,loaded
hounslow-richmond,Hounslow – Richmond,UB7 0,loaded
leicester,Leicester,LE1 1,loaded
leicester,Leicester,LE1 2,loaded
leicester,Leicester,LE1 3,loaded
leicester,Leicester,LE1 4,loaded
leicester,Leicester,LE1 5,loaded
leicester,Leicester,LE1 6,loaded
leicester,Leicester,LE1 7,loaded
leicester,Leicester,LE16 7,loaded
leicester,Leicester,LE17 4,loaded
leicester,Leicester,LE17 5,loaded
leicester,Leicester,LE17 6,loaded
leicester,Leicester,LE18 1,loaded
leicester,Leicester,LE18 2,loaded
leicester,Leicester,LE18 3,loaded
leicester,Leicester,LE18 4,loaded
leicester,Leicester,LE19 0,loaded
leicester,Leicester,LE19 1,loaded
leicester,Leicester,LE19 2,loaded
leicester,Leicester,LE19 3,loaded
leicester,Leicester,LE19 4,loaded
leicester,Leicester,LE2 0,loaded
leicester,Leicester,LE2 1,loaded
leicester,Leicester,LE2 2,loaded
leicester,Leicester,LE2 3,loaded
leicester,Leicester,LE2 4,loaded
leicester,Leicester,LE2 5,loaded
leicester,Leicester,LE2 6,loaded
leicester,Leicester,LE2 7,loaded
leicester,Leicester,LE2 8,loaded
leicester,Leicester,LE2 9,loaded
leicester,Leicester,LE3 0,loaded
leicester,Leicester,LE3 1,loaded
leicester,Leicester,LE3 2,loaded
leicester,Leicester,LE3 3,loaded
leicester,Leicester,LE3 5,loaded
leicester,Leicester,LE3 6,loaded
leicester,Leicester,LE3 8,loaded
leicester,Leicester,LE3 9,loaded
leicester,Leicester,LE4 0,loaded
leicester,Leicester,LE4 1,loaded
leicester,Leicester,LE4 2,loaded
leicester,Leicester,LE4 3,loaded
leicester,Leicester,LE4 5,loaded
leicester,Leicester,LE4 6,loaded
leicester,Leicester,LE4 7,loaded
leicester,Leicester,LE4 9,loaded
leicester,Leicester,LE5 0,loaded
leicester,Leicester,LE5 1,loaded
leicester,Leicester,LE5 2,loaded
leicester,Leicester,LE5 3,loaded
leicester,Leicester,LE5 4,loaded
leicester,Leicester,LE5 5,loaded
leicester,Leicester,LE5 6,loaded
leicester,Leicester,LE7 9,loaded
leicester,Leicester,LE8 0,loaded
leicester,Leicester,LE8 4,loaded
leicester,Leicester,LE8 5,loaded
leicester,Leicester,LE8 6,loaded
leicester,Leicester,LE8 8,loaded
leicester,Leicester,LE8 9,loaded
leicester,Leicester,LE9 1,loaded
leicester,Leicester,LE9 3,loaded
leicester,Leicester,LE9 4,loaded
leicester,Leicester,LE9 6,loaded
milton-keynes,Milton Keynes,LU7 0,loaded
milton-keynes,Milton Keynes,LU7 1,loaded
milton-keynes,Milton Keynes,LU7 2,loaded
milton-keynes,Milton Keynes,LU7 3,loaded
milton-keynes,Milton Keynes,LU7 4,loaded
milton-keynes,Milton Keynes,LU7 9,loaded
milton-keynes,Milton Keynes,MK1 1,loaded
milton-keynes,Milton Keynes,MK10 0,loaded
milton-keynes,Milton Keynes,MK10 7,loaded
milton-keynes,Milton Keynes,MK10 9,loaded
milton-keynes,Milton Keynes,MK11 1,loaded
milton-keynes,Milton Keynes,MK11 2,loaded
milton-keynes,Milton Keynes,MK11 3,loaded
milton-keynes,Milton Keynes,MK11 4,loaded
milton-keynes,Milton Keynes,MK12 5,loaded
milton-keynes,Milton Keynes,MK12 6,loaded
milton-keynes,Milton Keynes,MK13 0,loaded
milton-keynes,Milton Keynes,MK13 7,loaded
milton-keynes,Milton Keynes,MK13 8,loaded
milton-keynes,Milton Keynes,MK13 9,loaded
milton-keynes,Milton Keynes,MK14 5,loaded
milton-keynes,Milton Keynes,MK14 6,loaded
milton-keynes,Milton Keynes,MK14 7,loaded
milton-keynes,Milton Keynes,MK15 0,loaded
milton-keynes,Milton Keynes,MK15 8,loaded
milton-keynes,Milton Keynes,MK15 9,loaded
milton-keynes,Milton Keynes,MK16 0,loaded
milton-keynes,Milton Keynes,MK16 8,loaded
milton-keynes,Milton Keynes,MK16 9,loaded
milton-keynes,Milton Keynes,MK17 0,loaded
milton-keynes,Milton Keynes,MK17 7,loaded
milton-keynes,Milton Keynes,MK17 8,loaded
milton-keynes,Milton Keynes,MK17 9,loaded
milton-keynes,Milton Keynes,MK18 1,loaded
milton-keynes,Milton Keynes,MK18 2,loaded
milton-keynes,Milton Keynes,MK18 3,loaded
milton-keynes,Milton Keynes,MK18 4,loaded
milton-keynes,Milton Keynes,MK18 5,loaded
milton-keynes,Milton Keynes,MK18 6,loaded
milton-keynes,Milton Keynes,MK18 7,loaded
milton-keynes,Milton Keynes,MK19 6,loaded
milton-keynes,Milton Keynes,MK19 7,loaded
milton-keynes,Milton Keynes,MK2 2,loaded
milton-keynes,Milton Keynes,MK2 3,loaded
milton-keynes,Milton Keynes,MK3 5,loaded
milton-keynes,Milton Keynes,MK3 6,loaded
milton-keynes,Milton Keynes,MK3 7,loaded
milton-keynes,Milton Keynes,MK4 1,loaded
milton-keynes,Milton Keynes,MK4 2,loaded
milton-keynes,Milton Keynes,MK4 3,loaded
milton-keynes,Milton Keynes,MK4 4,loaded
milton-keynes,Milton Keynes,MK43 0,loaded
milton-keynes,Milton Keynes,MK43 1,loaded
milton-keynes,Milton Keynes,MK43 2,loaded
milton-keynes,Milton Keynes,MK46 4,loaded
milton-keynes,Milton Keynes,MK46 5,loaded
milton-keynes,Milton Keynes,MK5 6,loaded
milton-keynes,Milton Keynes,MK5 7,loaded
milton-keynes,Milton Keynes,MK5 8,loaded
milton-keynes,Milton Keynes,MK6 1,loaded
milton-keynes,Milton Keynes,MK6 2,loaded
milton-keynes,Milton Keynes,MK6 3,loaded
milton-keynes,Milton Keynes,MK6 4,loaded
milton-keynes,Milton Keynes,MK6 5,loaded
milton-keynes,Milton Keynes,MK7 6,loaded
milton-keynes,Milton Keynes,MK7 7,loaded
milton-keynes,Milton Keynes,MK7 8,loaded
milton-keynes,Milton Keynes,MK8 0,loaded
milton-keynes,Milton Keynes,MK8 1,loaded
milton-keynes,Milton Keynes,MK8 8,loaded
milton-keynes,Milton Keynes,MK8 9,loaded
milton-keynes,Milton Keynes,MK9 1,loaded
milton-keynes,Milton Keynes,MK9 2,loaded
milton-keynes,Milton Keynes,MK9 3,loaded
milton-keynes,Milton Keynes,MK9 4,loaded
north-tyneside-south-northumberland,North Tyneside & South Northumberland,NE12 5,loaded
north-tyneside-south-northumberland,North Tyneside & South Northumberland,NE12 6,loaded
north-tyneside-south-northumberland,North Tyneside & South Northumberland,NE12 7,loaded
north-tyneside-south-northumberland,North Tyneside & South Northumberland,NE12 8,loaded
north-tyneside-south-northumberland,North Tyneside & South Northumberland,NE12 9,loaded
north-tyneside-south-northumberland,North Tyneside & South Northumberland,NE13 6,loaded
north-tyneside-south-northumberland,North Tyneside & South Northumberland,NE13 7,loaded
north-tyneside-south-northumberland,North Tyneside & South Northumberland,NE2 2,loaded
north-tyneside-south-northumberland,North Tyneside & South Northumberland,NE2 3,loaded
north-tyneside-south-northumberland,North Tyneside & South Northumberland,NE22 5,loaded
north-tyneside-south-northumberland,North Tyneside & South Northumberland,NE22 6,loaded
north-tyneside-south-northumberland,North Tyneside & South Northumberland,NE22 7,loaded
north-tyneside-south-northumberland,North Tyneside & South Northumberland,NE23 1,loaded
north-tyneside-south-northumberland,North Tyneside & South Northumberland,NE23 2,loaded
north-tyneside-south-northumberland,North Tyneside & South Northumberland,NE23 3,loaded
north-tyneside-south-northumberland,North Tyneside & South Northumberland,NE23 6,loaded
north-tyneside-south-northumberland,North Tyneside & South Northumberland,NE23 7,loaded
north-tyneside-south-northumberland,North Tyneside & South Northumberland,NE23 8,loaded
north-tyneside-south-northumberland,North Tyneside & South Northumberland,NE24 1,loaded
north-tyneside-south-northumberland,North Tyneside & South Northumberland,NE24 2,loaded
north-tyneside-south-northumberland,North Tyneside & South Northumberland,NE24 3,loaded
north-tyneside-south-northumberland,North Tyneside & South Northumberland,NE24 4,loaded
north-tyneside-south-northumberland,North Tyneside & South Northumberland,NE24 5,loaded
north-tyneside-south-northumberland,North Tyneside & South Northumberland,NE25 0,loaded
north-tyneside-south-northumberland,North Tyneside & South Northumberland,NE25 8,loaded
north-tyneside-south-northumberland,North Tyneside & South Northumberland,NE25 9,loaded
north-tyneside-south-northumberland,North Tyneside & South Northumberland,NE26 1,loaded
north-tyneside-south-northumberland,North Tyneside & South Northumberland,NE26 2,loaded
north-tyneside-south-northumberland,North Tyneside & South Northumberland,NE26 3,loaded
north-tyneside-south-northumberland,North Tyneside & South Northumberland,NE26 4,loaded
north-tyneside-south-northumberland,North Tyneside & South Northumberland,NE27 0,loaded
north-tyneside-south-northumberland,North Tyneside & South Northumberland,NE28 0,loaded
north-tyneside-south-northumberland,North Tyneside & South Northumberland,NE28 6,loaded
north-tyneside-south-northumberland,North Tyneside & South Northumberland,NE28 7,loaded
north-tyneside-south-northumberland,North Tyneside & South Northumberland,NE28 8,loaded
north-tyneside-south-northumberland,North Tyneside & South Northumberland,NE28 9,loaded
north-tyneside-south-northumberland,North Tyneside & South Northumberland,NE29 0,loaded
north-tyneside-south-northumberland,North Tyneside & South Northumberland,NE29 6,loaded
north-tyneside-south-northumberland,North Tyneside & South Northumberland,NE29 7,loaded
north-tyneside-south-northumberland,North Tyneside & South Northumberland,NE29 8,loaded
north-tyneside-south-northumberland,North Tyneside & South Northumberland,NE29 9,loaded
north-tyneside-south-northumberland,North Tyneside & South Northumberland,NE3 1,loaded
north-tyneside-south-northumberland,North Tyneside & South Northumberland,NE3 4,loaded
north-tyneside-south-northumberland,North Tyneside & South Northumberland,NE3 5,loaded
north-tyneside-south-northumberland,North Tyneside & South Northumberland,NE30 1,loaded
north-tyneside-south-northumberland,North Tyneside & South Northumberland,NE30 2,loaded
north-tyneside-south-northumberland,North Tyneside & South Northumberland,NE30 3,loaded
north-tyneside-south-northumberland,North Tyneside & South Northumberland,NE30 4,loaded
north-tyneside-south-northumberland,North Tyneside & South Northumberland,NE61 1,loaded
north-tyneside-south-northumberland,North Tyneside & South Northumberland,NE61 2,loaded
north-tyneside-south-northumberland,North Tyneside & South Northumberland,NE61 6,loaded
north-tyneside-south-northumberland,North Tyneside & South Northumberland,NE62 5,loaded
north-tyneside-south-northumberland,North Tyneside & South Northumberland,NE63 0,loaded
north-tyneside-south-northumberland,North Tyneside & South Northumberland,NE63 8,loaded
north-tyneside-south-northumberland,North Tyneside & South Northumberland,NE63 9,loaded
north-tyneside-south-northumberland,North Tyneside & South Northumberland,NE64 6,loaded
north-tyneside-south-northumberland,North Tyneside & South Northumberland,NE7 7,loaded
northampton,Northampton,LE16 9,loaded
northampton,Northampton,NN1 1,loaded
northampton,Northampton,NN1 2,loaded
northampton,Northampton,NN1 3,loaded
northampton,Northampton,NN1 4,loaded
northampton,Northampton,NN1 5,loaded
northampton,Northampton,NN11 0,loaded
northampton,Northampton,NN11 2,loaded
northampton,Northampton,NN11 3,loaded
northampton,Northampton,NN11 4,loaded
northampton,Northampton,NN11 6,loaded
northampton,Northampton,NN11 7,loaded
northampton,Northampton,NN11 8,loaded
northampton,Northampton,NN11 9,loaded
northampton,Northampton,NN12 6,loaded
northampton,Northampton,NN12 7,loaded
northampton,Northampton,NN12 8,loaded
northampton,Northampton,NN13 5,loaded
northampton,Northampton,NN13 6,loaded
northampton,Northampton,NN13 7,loaded
northampton,Northampton,NN2 6,loaded
northampton,Northampton,NN2 7,loaded
northampton,Northampton,NN2 8,loaded
northampton,Northampton,NN3 2,loaded
northampton,Northampton,NN3 3,loaded
northampton,Northampton,NN3 5,loaded
northampton,Northampton,NN3 6,loaded
northampton,Northampton,NN3 7,loaded
northampton,Northampton,NN3 8,loaded
northampton,Northampton,NN3 9,loaded
northampton,Northampton,NN4 0,loaded
northampton,Northampton,NN4 5,loaded
northampton,Northampton,NN4 6,loaded
northampton,Northampton,NN4 7,loaded
northampton,Northampton,NN4 8,loaded
northampton,Northampton,NN4 9,loaded
northampton,Northampton,NN5 4,loaded
northampton,Northampton,NN5 5,loaded
northampton,Northampton,NN5 6,loaded
northampton,Northampton,NN5 7,loaded
northampton,Northampton,NN6 0,loaded
northampton,Northampton,NN6 6,loaded
northampton,Northampton,NN6 7,loaded
northampton,Northampton,NN6 8,loaded
northampton,Northampton,NN6 9,loaded
northampton,Northampton,NN7 1,loaded
northampton,Northampton,NN7 2,loaded
northampton,Northampton,NN7 3,loaded
northampton,Northampton,NN7 4,loaded
northampton,Northampton,OX17 2,loaded
rochdale,Rochdale,BB4 4,loaded
rochdale,Rochdale,BB4 5,loaded
rochdale,Rochdale,BB4 6,loaded
rochdale,Rochdale,BB4 7,loaded
rochdale,Rochdale,BB4 8,loaded
rochdale,Rochdale,BB4 9,loaded
rochdale,Rochdale,BL0 0,loaded
rochdale,Rochdale,BL0 9,loaded
rochdale,Rochdale,BL2 5,loaded
rochdale,Rochdale,BL2 6,loaded
rochdale,Rochdale,BL8 1,loaded
rochdale,Rochdale,BL8 2,loaded
rochdale,Rochdale,BL8 3,loaded
rochdale,Rochdale,BL8 4,loaded
rochdale,Rochdale,BL9 0,loaded
rochdale,Rochdale,BL9 5,loaded
rochdale,Rochdale,BL9 6,loaded
rochdale,Rochdale,BL9 7,loaded
rochdale,Rochdale,BL9 8,loaded
rochdale,Rochdale,BL9 9,loaded
rochdale,Rochdale,M24 1,loaded
rochdale,Rochdale,M24 2,loaded
rochdale,Rochdale,M24 4,loaded
rochdale,Rochdale,M24 5,loaded
rochdale,Rochdale,M24 6,loaded
rochdale,Rochdale,M25 0,loaded
rochdale,Rochdale,M25 1,loaded
rochdale,Rochdale,M25 2,loaded
rochdale,Rochdale,M25 3,loaded
rochdale,Rochdale,M25 9,loaded
rochdale,Rochdale,M26 1,loaded
rochdale,Rochdale,M26 2,loaded
rochdale,Rochdale,M26 3,loaded
rochdale,Rochdale,M26 4,loaded
rochdale,Rochdale,M45 6,loaded
rochdale,Rochdale,M45 7,loaded
rochdale,Rochdale,M45 8,loaded
rochdale,Rochdale,OL10 1,loaded
rochdale,Rochdale,OL10 2,loaded
rochdale,Rochdale,OL10 3,loaded
rochdale,Rochdale,OL10 4,loaded
rochdale,Rochdale,OL11 1,loaded
rochdale,Rochdale,OL11 2,loaded
rochdale,Rochdale,OL11 3,loaded
rochdale,Rochdale,OL11 4,loaded
rochdale,Rochdale,OL11 5,loaded
rochdale,Rochdale,OL12 0,loaded
rochdale,Rochdale,OL12 6,loaded
rochdale,Rochdale,OL12 7,loaded
rochdale,Rochdale,OL12 8,loaded
rochdale,Rochdale,OL12 9,loaded
rochdale,Rochdale,OL13 0,loaded
rochdale,Rochdale,OL13 8,loaded
rochdale,Rochdale,OL13 9,loaded
rochdale,Rochdale,OL15 0,loaded
rochdale,Rochdale,OL15 8,loaded
rochdale,Rochdale,OL15 9,loaded
rochdale,Rochdale,OL16 1,loaded
rochdale,Rochdale,OL16 2,loaded
rochdale,Rochdale,OL16 3,loaded
rochdale,Rochdale,OL16 4,loaded
rochdale,Rochdale,OL16 5,loaded
st-albans-watford,St Albans & Watford,AL1 1,loaded
st-albans-watford,St Albans & Watford,AL1 2,loaded
st-albans-watford,St Albans & Watford,AL1 3,loaded
st-albans-watford,St Albans & Watford,AL1 4,loaded
st-albans-watford,St Albans & Watford,AL1 5,loaded
st-albans-watford,St Albans & Watford,AL2 1,loaded
st-albans-watford,St Albans & Watford,AL2 2,loaded
st-albans-watford,St Albans & Watford,AL2 3,loaded
st-albans-watford,St Albans & Watford,AL3 4,loaded
st-albans-watford,St Albans & Watford,AL3 5,loaded
st-albans-watford,St Albans & Watford,AL3 6,loaded
st-albans-watford,St Albans & Watford,AL3 7,loaded
st-albans-watford,St Albans & Watford,AL3 8,loaded
st-albans-watford,St Albans & Watford,AL4 0,loaded
st-albans-watford,St Albans & Watford,AL4 8,loaded
st-albans-watford,St Albans & Watford,AL4 9,loaded
st-albans-watford,St Albans & Watford,AL5 1,loaded
st-albans-watford,St Albans & Watford,AL5 2,loaded
st-albans-watford,St Albans & Watford,AL5 3,loaded
st-albans-watford,St Albans & Watford,AL5 4,loaded
st-albans-watford,St Albans & Watford,AL5 5,loaded
st-albans-watford,St Albans & Watford,HA6 3,loaded
st-albans-watford,St Albans & Watford,HP1 1,loaded
st-albans-watford,St Albans & Watford,HP1 2,loaded
st-albans-watford,St Albans & Watford,HP1 3,loaded
st-albans-watford,St Albans & Watford,HP2 4,loaded
st-albans-watford,St Albans & Watford,HP2 5,loaded
st-albans-watford,St Albans & Watford,HP2 6,loaded
st-albans-watford,St Albans & Watford,HP2 7,loaded
st-albans-watford,St Albans & Watford,HP23 4,loaded
st-albans-watford,St Albans & Watford,HP23 5,loaded
st-albans-watford,St Albans & Watford,HP23 6,loaded
st-albans-watford,St Albans & Watford,HP3 0,loaded
st-albans-watford,St Albans & Watford,HP3 8,loaded
st-albans-watford,St Albans & Watford,HP3 9,loaded
st-albans-watford,St Albans & Watford,HP4 1,loaded
st-albans-watford,St Albans & Watford,HP4 2,loaded
st-albans-watford,St Albans & Watford,HP4 3,loaded
st-albans-watford,St Albans & Watford,WD17 1,loaded
st-albans-watford,St Albans & Watford,WD17 2,loaded
st-albans-watford,St Albans & Watford,WD17 3,loaded
st-albans-watford,St Albans & Watford,WD17 4,loaded
st-albans-watford,St Albans & Watford,WD18 0,loaded
st-albans-watford,St Albans & Watford,WD18 6,loaded
st-albans-watford,St Albans & Watford,WD18 7,loaded
st-albans-watford,St Albans & Watford,WD18 8,loaded
st-albans-watford,St Albans & Watford,WD18 9,loaded
st-albans-watford,St Albans & Watford,WD19 4,loaded
st-albans-watford,St Albans & Watford,WD19 5,loaded
st-albans-watford,St Albans & Watford,WD19 6,loaded
st-albans-watford,St Albans & Watford,WD19 7,loaded
st-albans-watford,St Albans & Watford,WD24 4,loaded
st-albans-watford,St Albans & Watford,WD24 5,loaded
st-albans-watford,St Albans & Watford,WD24 6,loaded
st-albans-watford,St Albans & Watford,WD24 7,loaded
st-albans-watford,St Albans & Watford,WD25 0,loaded
st-albans-watford,St Albans & Watford,WD25 7,loaded
st-albans-watford,St Albans & Watford,WD25 9,loaded
st-albans-watford,St Albans & Watford,WD3 1,loaded
st-albans-watford,St Albans & Watford,WD3 3,loaded
st-albans-watford,St Albans & Watford,WD3 4,loaded
st-albans-watford,St Albans & Watford,WD3 5,loaded
st-albans-watford,St Albans & Watford,WD3 6,loaded
st-albans-watford,St Albans & Watford,WD3 7,loaded
st-albans-watford,St Albans & Watford,WD3 8,loaded
st-albans-watford,St Albans & Watford,WD3 9,loaded
st-albans-watford,St Albans & Watford,WD4 8,loaded
st-albans-watford,St Albans & Watford,WD4 9,loaded
st-albans-watford,St Albans & Watford,WD5 0,loaded
swansea,Swansea,SA1 1,loaded
swansea,Swansea,SA1 2,loaded
swansea,Swansea,SA1 3,loaded
swansea,Swansea,SA1 4,loaded
swansea,Swansea,SA1 5,loaded
swansea,Swansea,SA1 6,loaded
swansea,Swansea,SA1 7,loaded
swansea,Swansea,SA1 8,loaded
swansea,Swansea,SA10 6,loaded
swansea,Swansea,SA10 7,loaded
swansea,Swansea,SA10 8,loaded
swansea,Swansea,SA10 9,loaded
swansea,Swansea,SA11 1,loaded
swansea,Swansea,SA11 2,loaded
swansea,Swansea,SA11 3,loaded
swansea,Swansea,SA11 4,loaded
swansea,Swansea,SA2 0,loaded
swansea,Swansea,SA2 7,loaded
swansea,Swansea,SA2 8,loaded
swansea,Swansea,SA2 9,loaded
swansea,Swansea,SA3 1,loaded
swansea,Swansea,SA3 2,loaded
swansea,Swansea,SA3 3,loaded
swansea,Swansea,SA3 4,loaded
swansea,Swansea,SA3 5,loaded
swansea,Swansea,SA4 3,loaded
swansea,Swansea,SA5 4,loaded
swansea,Swansea,SA5 5,loaded
swansea,Swansea,SA5 7,loaded
swansea,Swansea,SA5 8,loaded
swansea,Swansea,SA5 9,loaded
swansea,Swansea,SA6 5,loaded
swansea,Swansea,SA6 6,loaded
swansea,Swansea,SA6 7,loaded
swansea,Swansea,SA6 8,loaded
swansea,Swansea,SA7 0,loaded
swansea,Swansea,SA7 9,loaded
swansea,Swansea,SA8 3,loaded
swansea,Swansea,SA8 4,loaded
swansea,Swansea,SA9 1,loaded
swansea,Swansea,SA9 2,loaded
trafford-cheshire,Trafford & Cheshire,M16 0,loaded
trafford-cheshire,Trafford & Cheshire,M16 9,loaded
trafford-cheshire,Trafford & Cheshire,M17 1,loaded
trafford-cheshire,Trafford & Cheshire,M17 8,loaded
trafford-cheshire,Trafford & Cheshire,M19 1,loaded
trafford-cheshire,Trafford & Cheshire,M20 1,loaded
trafford-cheshire,Trafford & Cheshire,M20 2,loaded
trafford-cheshire,Trafford & Cheshire,M20 3,loaded
trafford-cheshire,Trafford & Cheshire,M20 4,loaded
trafford-cheshire,Trafford & Cheshire,M20 5,loaded
trafford-cheshire,Trafford & Cheshire,M20 6,loaded
trafford-cheshire,Trafford & Cheshire,M21 7,loaded
trafford-cheshire,Trafford & Cheshire,M22 0,loaded
trafford-cheshire,Trafford & Cheshire,M22 1,loaded
trafford-cheshire,Trafford & Cheshire,M22 4,loaded
trafford-cheshire,Trafford & Cheshire,M22 5,loaded
trafford-cheshire,Trafford & Cheshire,M22 8,loaded
trafford-cheshire,Trafford & Cheshire,M22 9,loaded
trafford-cheshire,Trafford & Cheshire,M23 0,loaded
trafford-cheshire,Trafford & Cheshire,M23 1,loaded
trafford-cheshire,Trafford & Cheshire,M23 2,loaded
trafford-cheshire,Trafford & Cheshire,M23 9,loaded
trafford-cheshire,Trafford & Cheshire,M31 4,loaded
trafford-cheshire,Trafford & Cheshire,M32 0,loaded
trafford-cheshire,Trafford & Cheshire,M32 8,loaded
trafford-cheshire,Trafford & Cheshire,M32 9,loaded
trafford-cheshire,Trafford & Cheshire,M33 2,loaded
trafford-cheshire,Trafford & Cheshire,M33 3,loaded
trafford-cheshire,Trafford & Cheshire,M33 4,loaded
trafford-cheshire,Trafford & Cheshire,M33 5,loaded
trafford-cheshire,Trafford & Cheshire,M33 6,loaded
trafford-cheshire,Trafford & Cheshire,M33 7,loaded
trafford-cheshire,Trafford & Cheshire,M41 0,loaded
trafford-cheshire,Trafford & Cheshire,M41 5,loaded
trafford-cheshire,Trafford & Cheshire,M41 6,loaded
trafford-cheshire,Trafford & Cheshire,M41 7,loaded
trafford-cheshire,Trafford & Cheshire,M41 8,loaded
trafford-cheshire,Trafford & Cheshire,M41 9,loaded
trafford-cheshire,Trafford & Cheshire,M90 1,loaded
trafford-cheshire,Trafford & Cheshire,M90 3,loaded
trafford-cheshire,Trafford & Cheshire,M90 4,loaded
trafford-cheshire,Trafford & Cheshire,M90 5,loaded
trafford-cheshire,Trafford & Cheshire,SK1 1,loaded
trafford-cheshire,Trafford & Cheshire,SK1 2,loaded
trafford-cheshire,Trafford & Cheshire,SK1 3,loaded
trafford-cheshire,Trafford & Cheshire,SK1 4,loaded
trafford-cheshire,Trafford & Cheshire,SK3 0,loaded
trafford-cheshire,Trafford & Cheshire,SK3 9,loaded
trafford-cheshire,Trafford & Cheshire,SK4 1,loaded
trafford-cheshire,Trafford & Cheshire,SK4 2,loaded
trafford-cheshire,Trafford & Cheshire,SK4 3,loaded
trafford-cheshire,Trafford & Cheshire,SK4 4,loaded
trafford-cheshire,Trafford & Cheshire,SK4 5,loaded
trafford-cheshire,Trafford & Cheshire,SK5 6,loaded
trafford-cheshire,Trafford & Cheshire,SK5 7,loaded
trafford-cheshire,Trafford & Cheshire,WA13 0,loaded
trafford-cheshire,Trafford & Cheshire,WA13 9,loaded
trafford-cheshire,Trafford & Cheshire,WA14 1,loaded
trafford-cheshire,Trafford & Cheshire,WA14 2,loaded
trafford-cheshire,Trafford & Cheshire,WA14 3,loaded
trafford-cheshire,Trafford & Cheshire,WA14 4,loaded
trafford-cheshire,Trafford & Cheshire,WA14 5,loaded
trafford-cheshire,Trafford & Cheshire,WA15 0,loaded
trafford-cheshire,Trafford & Cheshire,WA15 6,loaded
trafford-cheshire,Trafford & Cheshire,WA15 7,loaded
trafford-cheshire,Trafford & Cheshire,WA15 8,loaded
trafford-cheshire,Trafford & Cheshire,WA15 9,loaded
trafford-cheshire,Trafford & Cheshire,WA16 0,loaded
trafford-cheshire,Trafford & Cheshire,WA16 6,loaded
trafford-cheshire,Trafford & Cheshire,WA16 7,loaded
trafford-cheshire,Trafford & Cheshire,WA16 8,loaded
trafford-cheshire,Trafford & Cheshire,WA16 9,loaded
kirklees,Kirklees,HD1 1,loaded
kirklees,Kirklees,HD1 2,loaded
kirklees,Kirklees,HD1 3,loaded
kirklees,Kirklees,HD1 4,loaded
kirklees,Kirklees,HD1 5,loaded
kirklees,Kirklees,HD1 6,loaded
kirklees,Kirklees,HD2 1,loaded
kirklees,Kirklees,HD3 4,loaded
kirklees,Kirklees,HD4 5,loaded
kirklees,Kirklees,HD4 6,loaded
kirklees,Kirklees,HD4 7,loaded
kirklees,Kirklees,HD5 0,loaded
kirklees,Kirklees,HD5 8,loaded
kirklees,Kirklees,HD5 9,loaded
kirklees,Kirklees,HD8 0,loaded
kirklees,Kirklees,HD8 8,loaded
kirklees,Kirklees,HD8 9,loaded
kirklees,Kirklees,HD9 1,loaded
kirklees,Kirklees,HD9 3,loaded
kirklees,Kirklees,HD9 6,loaded
kirklees,Kirklees,HD9 7,loaded
wakefield,Wakefield,WF1 1,loaded
wakefield,Wakefield,WF1 2,loaded
wakefield,Wakefield,WF1 3,loaded
wakefield,Wakefield,WF1 4,loaded
wakefield,Wakefield,WF1 5,loaded
wakefield,Wakefield,WF10 1,loaded
wakefield,Wakefield,WF10 3,loaded
wakefield,Wakefield,WF10 4,loaded
wakefield,Wakefield,WF10 5,loaded
wakefield,Wakefield,WF11 0,loaded
wakefield,Wakefield,WF11 8,loaded
wakefield,Wakefield,WF11 9,loaded
wakefield,Wakefield,WF12 0,loaded
wakefield,Wakefield,WF12 7,loaded
wakefield,Wakefield,WF12 8,loaded
wakefield,Wakefield,WF12 9,loaded
wakefield,Wakefield,WF13 1,loaded
wakefield,Wakefield,WF13 2,loaded
wakefield,Wakefield,WF13 3,loaded
wakefield,Wakefield,WF13 4,loaded
wakefield,Wakefield,WF14 0,loaded
wakefield,Wakefield,WF14 8,loaded
wakefield,Wakefield,WF14 9,loaded
wakefield,Wakefield,WF15 6,loaded
wakefield,Wakefield,WF15 7,loaded
wakefield,Wakefield,WF15 8,loaded
wakefield,Wakefield,WF16 0,loaded
wakefield,Wakefield,WF17 5,loaded
wakefield,Wakefield,WF17 6,loaded
wakefield,Wakefield,WF17 7,loaded
wakefield,Wakefield,WF2 0,loaded
wakefield,Wakefield,WF2 6,loaded
wakefield,Wakefield,WF2 7,loaded
wakefield,Wakefield,WF2 8,loaded
wakefield,Wakefield,WF2 9,loaded
wakefield,Wakefield,WF3 4,loaded
wakefield,Wakefield,WF4 1,loaded
wakefield,Wakefield,WF4 2,loaded
wakefield,Wakefield,WF4 3,loaded
wakefield,Wakefield,WF4 4,loaded
wakefield,Wakefield,WF4 5,loaded
wakefield,Wakefield,WF4 6,loaded
wakefield,Wakefield,WF5 0,loaded
wakefield,Wakefield,WF5 8,loaded
wakefield,Wakefield,WF5 9,loaded
wakefield,Wakefield,WF6 1,loaded
wakefield,Wakefield,WF6 2,loaded
wakefield,Wakefield,WF7 5,loaded
wakefield,Wakefield,WF7 6,loaded
wakefield,Wakefield,WF7 7,loaded
wakefield,Wakefield,WF8 1,loaded
wakefield,Wakefield,WF8 2,loaded
wakefield,Wakefield,WF8 3,loaded
wakefield,Wakefield,WF8 4,loaded
wakefield,Wakefield,WF9 1,loaded
wakefield,Wakefield,WF9 2,loaded
wakefield,Wakefield,WF9 3,loaded
wakefield,Wakefield,WF9 4,loaded
wakefield,Wakefield,WF9 5,loaded
epsom-ewell-sutton,"Epsom and Ewell, Sutton",KT1 1,loaded
epsom-ewell-sutton,"Epsom and Ewell, Sutton",KT1 2,loaded
epsom-ewell-sutton,"Epsom and Ewell, Sutton",KT1 3,loaded
epsom-ewell-sutton,"Epsom and Ewell, Sutton",KT17 1,loaded
epsom-ewell-sutton,"Epsom and Ewell, Sutton",KT17 2,loaded
epsom-ewell-sutton,"Epsom and Ewell, Sutton",KT17 3,loaded
epsom-ewell-sutton,"Epsom and Ewell, Sutton",KT17 4,loaded
epsom-ewell-sutton,"Epsom and Ewell, Sutton",KT18 5,loaded
epsom-ewell-sutton,"Epsom and Ewell, Sutton",KT18 7,loaded
epsom-ewell-sutton,"Epsom and Ewell, Sutton",KT19 0,loaded
epsom-ewell-sutton,"Epsom and Ewell, Sutton",KT19 7,loaded
epsom-ewell-sutton,"Epsom and Ewell, Sutton",KT19 8,loaded
epsom-ewell-sutton,"Epsom and Ewell, Sutton",KT19 9,loaded
epsom-ewell-sutton,"Epsom and Ewell, Sutton",KT2 5,loaded
epsom-ewell-sutton,"Epsom and Ewell, Sutton",KT2 6,loaded
epsom-ewell-sutton,"Epsom and Ewell, Sutton",KT2 7,loaded
epsom-ewell-sutton,"Epsom and Ewell, Sutton",KT20 5,loaded
epsom-ewell-sutton,"Epsom and Ewell, Sutton",KT20 6,loaded
epsom-ewell-sutton,"Epsom and Ewell, Sutton",KT3 3,loaded
epsom-ewell-sutton,"Epsom and Ewell, Sutton",KT3 4,loaded
epsom-ewell-sutton,"Epsom and Ewell, Sutton",KT3 5,loaded
epsom-ewell-sutton,"Epsom and Ewell, Sutton",KT3 6,loaded
epsom-ewell-sutton,"Epsom and Ewell, Sutton",KT4 7,loaded
epsom-ewell-sutton,"Epsom and Ewell, Sutton",KT4 8,loaded
epsom-ewell-sutton,"Epsom and Ewell, Sutton",KT5 8,loaded
epsom-ewell-sutton,"Epsom and Ewell, Sutton",KT5 9,loaded
epsom-ewell-sutton,"Epsom and Ewell, Sutton",KT6 4,loaded
epsom-ewell-sutton,"Epsom and Ewell, Sutton",KT6 6,loaded
epsom-ewell-sutton,"Epsom and Ewell, Sutton",KT6 7,loaded
epsom-ewell-sutton,"Epsom and Ewell, Sutton",KT9 1,loaded
epsom-ewell-sutton,"Epsom and Ewell, Sutton",KT9 2,loaded
epsom-ewell-sutton,"Epsom and Ewell, Sutton",SM1 1,loaded
epsom-ewell-sutton,"Epsom and Ewell, Sutton",SM1 2,loaded
epsom-ewell-sutton,"Epsom and Ewell, Sutton",SM1 3,loaded
epsom-ewell-sutton,"Epsom and Ewell, Sutton",SM1 4,loaded
epsom-ewell-sutton,"Epsom and Ewell, Sutton",SM2 5,loaded
epsom-ewell-sutton,"Epsom and Ewell, Sutton",SM2 6,loaded
epsom-ewell-sutton,"Epsom and Ewell, Sutton",SM2 7,loaded
epsom-ewell-sutton,"Epsom and Ewell, Sutton",SM3 8,loaded
epsom-ewell-sutton,"Epsom and Ewell, Sutton",SM3 9,loaded
epsom-ewell-sutton,"Epsom and Ewell, Sutton",SM4 4,loaded
epsom-ewell-sutton,"Epsom and Ewell, Sutton",SM4 5,loaded
epsom-ewell-sutton,"Epsom and Ewell, Sutton",SM4 6,loaded
epsom-ewell-sutton,"Epsom and Ewell, Sutton",SM5 1,loaded
epsom-ewell-sutton,"Epsom and Ewell, Sutton",SM5 2,loaded
epsom-ewell-sutton,"Epsom and Ewell, Sutton",SM5 3,loaded
epsom-ewell-sutton,"Epsom and Ewell, Sutton",SM5 4,loaded
epsom-ewell-sutton,"Epsom and Ewell, Sutton",SM6 0,loaded
epsom-ewell-sutton,"Epsom and Ewell, Sutton",SM6 7,loaded
epsom-ewell-sutton,"Epsom and Ewell, Sutton",SM6 8,loaded
epsom-ewell-sutton,"Epsom and Ewell, Sutton",SM6 9,loaded
epsom-ewell-sutton,"Epsom and Ewell, Sutton",SM7 1,loaded
epsom-ewell-sutton,"Epsom and Ewell, Sutton",SM7 2,loaded
epsom-ewell-sutton,"Epsom and Ewell, Sutton",SM7 3,loaded
windsor,Windsor,HP9 1,loaded
windsor,Windsor,HP9 2,loaded
windsor,Windsor,SL0 0,loaded
windsor,Windsor,SL0 9,loaded
windsor,Windsor,SL1 1,loaded
windsor,Windsor,SL1 2,loaded
windsor,Windsor,SL1 3,loaded
windsor,Windsor,SL1 4,loaded
windsor,Windsor,SL1 5,loaded
windsor,Windsor,SL1 6,loaded
windsor,Windsor,SL1 7,loaded
windsor,Windsor,SL1 8,loaded
windsor,Windsor,SL1 9,loaded
windsor,Windsor,SL2 1,loaded
windsor,Windsor,SL2 2,loaded
windsor,Windsor,SL2 3,loaded
windsor,Windsor,SL2 4,loaded
windsor,Windsor,SL2 5,loaded
windsor,Windsor,SL3 0,loaded
windsor,Windsor,SL3 6,loaded
windsor,Windsor,SL3 7,loaded
windsor,Windsor,SL3 8,loaded
windsor,Windsor,SL3 9,loaded
windsor,Windsor,SL4 1,loaded
windsor,Windsor,SL4 2,loaded
windsor,Windsor,SL4 3,loaded
windsor,Windsor,SL4 4,loaded
windsor,Windsor,SL4 5,loaded
windsor,Windsor,SL4 6,loaded
windsor,Windsor,SL5 0,loaded
windsor,Windsor,SL5 7,loaded
windsor,Windsor,SL5 9,loaded
windsor,Windsor,SL6 0,loaded
windsor,Windsor,SL6 1,loaded
windsor,Windsor,SL6 2,loaded
windsor,Windsor,SL6 3,loaded
windsor,Windsor,SL6 4,loaded
windsor,Windsor,SL6 5,loaded
windsor,Windsor,SL6 6,loaded
windsor,Windsor,SL6 7,loaded
windsor,Windsor,SL6 8,loaded
windsor,Windsor,SL6 9,loaded
windsor,Windsor,SL9 7,loaded
windsor,Windsor,SL9 8,loaded
windsor,Windsor,TW19 5,loaded
windsor,Windsor,UB9 4,loaded
windsor,Windsor,UB9 5,loaded
wandsworth,Wandsworth,CR4 1,loaded
wandsworth,Wandsworth,CR4 2,loaded
wandsworth,Wandsworth,CR4 3,loaded
wandsworth,Wandsworth,CR4 4,loaded
wandsworth,Wandsworth,SE1 7,loaded
wandsworth,Wandsworth,SE1 8,loaded
wandsworth,Wandsworth,SE11 4,loaded
wandsworth,Wandsworth,SE11 5,loaded
wandsworth,Wandsworth,SE11 6,loaded
wandsworth,Wandsworth,SE21 8,loaded
wandsworth,Wandsworth,SE24 0,loaded
wandsworth,Wandsworth,SE24 9,loaded
wandsworth,Wandsworth,SE27 0,loaded
wandsworth,Wandsworth,SE27 9,loaded
wandsworth,Wandsworth,SE5 9,loaded
wandsworth,Wandsworth,SW11 1,loaded
wandsworth,Wandsworth,SW11 2,loaded
wandsworth,Wandsworth,SW11 3,loaded
wandsworth,Wandsworth,SW11 4,loaded
wandsworth,Wandsworth,SW11 5,loaded
wandsworth,Wandsworth,SW11 6,loaded
wandsworth,Wandsworth,SW11 7,loaded
wandsworth,Wandsworth,SW11 8,loaded
wandsworth,Wandsworth,SW12 0,loaded
wandsworth,Wandsworth,SW12 8,loaded
wandsworth,Wandsworth,SW12 9,loaded
wandsworth,Wandsworth,SW15 1,loaded
wandsworth,Wandsworth,SW15 2,loaded
wandsworth,Wandsworth,SW15 5,loaded
wandsworth,Wandsworth,SW15 6,loaded
wandsworth,Wandsworth,SW16 1,loaded
wandsworth,Wandsworth,SW16 2,loaded
wandsworth,Wandsworth,SW16 3,loaded
wandsworth,Wandsworth,SW16 5,loaded
wandsworth,Wandsworth,SW16 6,loaded
wandsworth,Wandsworth,SW17 0,loaded
wandsworth,Wandsworth,SW17 6,loaded
wandsworth,Wandsworth,SW17 7,loaded
wandsworth,Wandsworth,SW17 8,loaded
wandsworth,Wandsworth,SW17 9,loaded
wandsworth,Wandsworth,SW18 1,loaded
wandsworth,Wandsworth,SW18 2,loaded
wandsworth,Wandsworth,SW18 3,loaded
wandsworth,Wandsworth,SW18 4,loaded
wandsworth,Wandsworth,SW18 5,loaded
wandsworth,Wandsworth,SW19 1,loaded
wandsworth,Wandsworth,SW19 2,loaded
wandsworth,Wandsworth,SW19 3,loaded
wandsworth,Wandsworth,SW19 4,loaded
wandsworth,Wandsworth,SW19 5,loaded
wandsworth,Wandsworth,SW19 6,loaded
wandsworth,Wandsworth,SW19 7,loaded
wandsworth,Wandsworth,SW19 8,loaded
wandsworth,Wandsworth,SW2 1,loaded
wandsworth,Wandsworth,SW2 2,loaded
wandsworth,Wandsworth,SW2 3,loaded
wandsworth,Wandsworth,SW2 4,loaded
wandsworth,Wandsworth,SW2 5,loaded
wandsworth,Wandsworth,SW20 0,loaded
wandsworth,Wandsworth,SW20 8,loaded
wandsworth,Wandsworth,SW20 9,loaded
wandsworth,Wandsworth,SW4 0,loaded
wandsworth,Wandsworth,SW4 6,loaded
wandsworth,Wandsworth,SW4 7,loaded
wandsworth,Wandsworth,SW4 8,loaded
wandsworth,Wandsworth,SW4 9,loaded
wandsworth,Wandsworth,SW8 1,loaded
wandsworth,Wandsworth,SW8 2,loaded
wandsworth,Wandsworth,SW8 3,loaded
wandsworth,Wandsworth,SW8 4,loaded
wandsworth,Wandsworth,SW8 5,loaded
wandsworth,Wandsworth,SW9 0,loaded
wandsworth,Wandsworth,SW9 6,loaded
wandsworth,Wandsworth,SW9 7,loaded
wandsworth,Wandsworth,SW9 8,loaded
wandsworth,Wandsworth,SW9 9,loaded
